{"IcoMoonType":"selection","icons":[{"icon":{"paths":["M928 0h-832c-52.8 0-96 43.2-96 96v832c0 52.8 43.2 96 96 96h416v-448h-128v-128h128v-64c0-105.8 86.2-192 192-192h128v128h-128c-35.2 0-64 28.8-64 64v64h192l-32 128h-160v448h288c52.8 0 96-43.2 96-96v-832c0-52.8-43.2-96-96-96z"],"tags":["facebook","brand","social"],"defaultCode":60049,"grid":16,"attrs":[]},"attrs":[],"properties":{"ligatures":"facebook2, brand11","name":"facebook2","order":2,"id":402,"prevSize":32,"code":60049},"setIdx":0,"setId":1,"iconIdx":401},{"icon":{"paths":["M928 0h-832c-52.8 0-96 43.2-96 96v832c0 52.8 43.2 96 96 96h832c52.8 0 96-43.2 96-96v-832c0-52.8-43.2-96-96-96zM731.8 824.6c-30.2 14.2-57.6 24.2-82 30-24.4 5.6-51 8.6-79.4 8.6-32.4 0-51.4-4-76.2-12.2s-46-19.8-63.6-34.8c-17.6-15.2-29.6-31.2-36.4-48.2s-10.2-41.6-10.2-74v-247.8h-96v-100c27.8-9 60-22 79.6-38.8 19.8-16.8 35.8-37 47.6-60.6 12-23.6 20.2-53.6 24.8-90h100.4v163.2h163.6v126.2h-163.4v181.2c0 41-0.6 64.6 3.8 76.2s15.2 23.6 27 30.4c15.6 9.4 33.6 14 53.6 14 35.8 0 71.4-11.6 106.8-34.8v111.4z"],"tags":["tumblr","brand","social"],"defaultCode":60090,"grid":16,"attrs":[]},"attrs":[],"properties":{"ligatures":"tumblr2, brand50","name":"tumblr2","order":3,"id":443,"prevSize":32,"code":60090},"setIdx":0,"setId":1,"iconIdx":442},{"icon":{"paths":["M928 0h-832c-52.8 0-96 43.2-96 96v832c0 52.8 43.2 96 96 96h832c52.8 0 96-43.2 96-96v-832c0-52.8-43.2-96-96-96zM384 832h-128v-448h128v448zM320 320c-35.4 0-64-28.6-64-64s28.6-64 64-64c35.4 0 64 28.6 64 64s-28.6 64-64 64zM832 832h-128v-256c0-35.4-28.6-64-64-64s-64 28.6-64 64v256h-128v-448h128v79.4c26.4-36.2 66.8-79.4 112-79.4 79.6 0 144 71.6 144 160v288z"],"tags":["linkedin","brand","social"],"defaultCode":60105,"grid":16,"attrs":[]},"attrs":[],"properties":{"ligatures":"linkedin, brand64","name":"linkedin","order":4,"id":458,"prevSize":32,"code":60105},"setIdx":0,"setId":1,"iconIdx":457}],"height":1024,"metadata":{"name":"icomoon"},"preferences":{"showGlyphs":true,"showQuickUse":true,"showQuickUse2":true,"showSVGs":true,"fontPref":{"prefix":"icon-","metadata":{"fontFamily":"icomoon"},"metrics":{"emSize":1024,"baseline":6.25,"whitespace":50},"embed":false},"imagePref":{"prefix":"icon-","png":true,"useClassSelector":true,"color":0,"bgColor":16777215,"classSelector":".icon"},"historySize":50,"showCodes":true,"gridSize":16}}